Predictor,Outcome,r,CI_lower,CI_upper,CI_width
FD,ProfSat_composite,0.12946237430047888,0.037709024786967214,0.22050894258640708,0.18279991779943985
FD,MatSucc_composite,0.15254375535009976,0.05525873048237703,0.2555965502118234,0.2003378197294464
SCI,ProfSat_composite,-0.13952224181529282,-0.245390175581708,-0.03893106113634608,0.2064591144453619
SCI,MatSucc_composite,-0.01315512107081852,-0.10310536858217272,0.08168198943534857,0.18478735801752127
CO,ProfSat_composite,-0.0464506904682718,-0.14432668415209832,0.05465980519969231,0.19898648935179064
CO,MatSucc_composite,-0.0032884414787731605,-0.09493845428256982,0.09541139086835121,0.19034984515092102
PPI_SUM,ProfSat_composite,-0.025765589035530452,-0.1271751891686001,0.06928005500932854,0.19645524417792865
PPI_SUM,MatSucc_composite,0.09430978587954363,-0.007639316586423931,0.19874162035808288,0.20638093694450682
