Threshold (percentile),n_treated,n_control,Naive_ATT,p_value
50,198,211,1.4511226004117006,0.010318538450989612
60,162,247,0.9469185784975238,0.10006553966104424
67,135,274,0.9199513381995139,0.1265172901322351
75,88,321,0.6337085811384888,0.34693749058345524
80,77,332,0.8147003598810834,0.25272301229371635
